Token,Frequency
maps,117
nyah,3
buat,210
lebih,189
detail,13
buruk,93
aplikasi,741
erorr,5
mulu,28
drivernya,280
ramah,566
baik,983
bagus,395
perlu,19
map,101
almt,1
google,21
tdk,54
pantau,4
jln,8
batua,2
raya,4
driver,1118
temu,20
sasar,1
sesuai,130
arah,20
konsumen,29
sangat,596
bantu,115
sekali,184
alhamdulillah,16
bapak,42
amanah,23
sehat,25
njeh,1
pak,60
moga,37
rezeki,11
makin,69
lancar,25
sukses,26
selalu,120
maxim,872
aplikasiatau,1
drivernyayg,1
main,19
ordersesuai,1
aplikasitp,1
stlah,1
nyampe,9
selesaidan,1
ubah,52
alamat,116
jemput,124
lokasi,108
tuju,151
dua,8
sama,280
isi,99
yg,524
satu,43
lokasikacaujd,1
g,24
melacakperjalanorang,1
bawadriver,1
takut,8
apa,140
pihat,2
maximbenahi,1
apliksinyaatau,1
jdi,30
coba,68
enak,56
bawa,69
nya,933
orang,153
nunggu,89
lama,243
konfirmasi,19
aja,263
terus,111
kali,163
gagal,12
gak,492
ngotak,6
customer,63
pagi,20
siang,6
sore,7
malam,19
udah,217
harga,206
murah,137
lo,15
murahin,1
rumah,37
gedong,2
elit,3
koret,1
gaya,5
ekonomi,4
sulit,37
brengsek,2
mau,486
naik,96
odong,2
jooss,2
mantap,275
dukung,3
ibu,21
kerupuk,8
palak,4
arogan,6
sih,71
saran,14
beri,41
fitur,50
rating,36
dong,88
kadang,43
sop,5
pakai,148
jaket,7
punya,43
uang,90
kembali,32
pernah,57
habis,23
bensin,11
tengah,15
jalan,169
jadi,250
telat,26
berangkat,12
kerja,70
gara,37
salah,72
baca,24
tulis,23
nyata,41
jauh,80
titik,164
maksud,7
biar,54
bayar,208
tunggu,82
nomor,97
aktifasi,1
error,51
castmar,1
otak,8
pasang,3
lw,1
oder,2
pijit,2
benar,41
kunci,2
cs,37
cansel,3
terima,187
kasih,240
top,85
hadir,3
memang,23
resah,4
krn,22
waktu,99
ogah,1
ambil,78
order,416
riwayat,6
jasa,16
transportasi,25
kasar,33
edukasi,4
utama,19
daerah,19
makassar,2
status,5
sedang,11
cari,149
sy,47
cancel,134
buru,27
lalu,30
tiba,115
banget,233
dapet,70
dah,43
jelas,159
loading,11
ngatangatain,1
lewat,41
chat,55
bahasa,4
kotor,6
bukan,59
cuman,28
waspada,1
banyak,234
oknumpenipuan,1
tipu,74
teror,2
aku,71
pihak,57
kode,160
otp,59
padahal,218
makasih,42
good,144
akun,77
tiap,25
trus,36
minta,217
masukmksdnya,1
nih,41
ribet,33
skali,4
on,5
time,6
sopan,105
dasar,9
tolol,50
ditungguin,2
gada,21
nerima,18
nolak,7
semua,56
gw,34
beli,24
perushaan,1
lu,17
pegang,3
lah,98
janji,6
dendam,3
usaha,20
tahun,9
bangkrut,4
saling,6
tolong,5
update,46
food,40
paket,17
instan,1
reguler,1
samday,1
kaya,36
tingkatin,4
jangan,77
ikut,12
contoh,10
grab,37
gojek,50
shopy,1
lalamove,1
cuma,61
bike,8
mohon,75
dengerlah,1
kau,16
kekmana,1
butuh,28
pas,143
hujan,33
kalau,121
tutup,23
apk,195
mending,55
pulak,2
mmatap,1
layan,274
oke,51
maaf,50
min,33
bintang,78
dulu,60
kalo,153
udh,99
ratingnya,1
karna,66
kok,62
ga,472
namain,2
masukin,24
nama,47
lengkap,25
tanggal,13
lahir,10
mencet,1
gabisa,53
gimana,56
kasi,36
respon,51
minnn,1
cara,27
atas,59
titij,1
app,19
jelek,97
muat,1
ulang,38
akhir,34
uninstal,10
trs,31
install,6
malah,263
masuk,217
verifikasi,48
sms,32
jadul,2
servernya,2
hrsnya,2
wa,21
via,15
tlp,13
mati,17
tlpnya,1
angkat,6
nieh,1
solusi,14
pusat,7
menu,18
ttp,21
hrs,4
login,131
terimakasih,139
kurang,112
akurat,35
guna,107
mudah,58
mahon,1
pa,5
gaje,2
ewallet,15
up,78
hedeh,1
tu,14
nakal,12
bgt,79
imbal,1
padhl,1
deket,18
nganter,8
barang,59
alesannya,3
kan,67
muter,12
dlu,12
mas,41
emg,7
gtu,6
klo,63
nganterin,5
mah,21
sendiri,65
jd,31
lipat,17
ny,47
seleksi,10
sering,130
lambat,33
kirim,82
bener,56
no,52
telp,10
sdh,29
sampe,72
terkadang,5
ditelp,1
cepat,160
nyaman,125
suoirnya,1
maximnya,12
kecewa,118
sekarang,56
pindah,16
ijo,13
si,52
belah,41
dapat,17
dri,24
perangkat,1
jangkau,18
hp,68
tinggal,32
dlm,9
mobil,151
hub,2
jaya,5
blokir,25
kuning,6
ugalan,15
jgn,16
dwonload,3
pake,167
walletmaxim,1
wallet,72
saldo,186
tp,92
gk,197
sungguh,5
aduh,2
gmana,3
inimsa,1
pesan,218
makan,116
loadinggak,1
bet,4
junaidi,1
plat,20
nomer,25
hyh,1
suruh,67
attitude,14
cewe,5
ngatain,3
nyupir,2
didatengin,2
marah,30
urus,6
nyaa,8
petaa,1
patok,5
peta,35
tambah,71
bingung,25
titika,1
diarahin,2
skrg,21
notifikasi,12
cuatomer,1
gj,2
gimna,6
alhasil,10
marahmarah,2
pdhal,8
sudh,1
tentu,14
nyasar,9
perhati,13
paling,32
nyusahin,10
driverkasian,1
tega,3
sm,18
carsdh,1
klik,18
jalantapi,1
ganti,51
smpai,2
x,37
rugi,80
bensinwaktu,1
mud,27
gooddriver,1
harge,1
indrivertapi,1
hanye,1
sahaje,1
susah,240
nak,4
driverkena,1
lameterimakasih,1
yee,1
maximvery,1
selesai,17
ngisi,17
kaspro,115
suka,108
muncul,46
pokoke,3
knp,14
nyantol,5
dibatalin,12
selamat,32
sosialisasi,4
scam,27
asu,2
luar,16
biasa,22
ssbenarnya,1
arti,5
promo,27
apaa,1
sihsy,1
mslh,3
dgn,32
cm,3
sesuaidiapliksi,1
da,5
otomatis,16
potong,67
taapi,1
byr,8
hrga,2
normaltolong,1
lg,33
cukup,22
kena,37
org,34
ba,2
berabe,1
percuma,19
ujung,12
dipakek,4
beda,57
biss,1
non,31
tunai,66
taxi,6
anyep,2
gegara,9
tumpang,80
lgi,18
eror,52
adriver,1
berhubunganminimal,1
bikin,74
prioritasujung,1
ktl,1
jan,2
cok,2
rata,10
masa,76
iya,18
ngk,10
datang,40
motor,58
apabila,2
erti,4
maxime,4
kemaren,4
apesss,1
hilang,25
handphone,2
lacak,6
supir,28
ngaku,1
yasudah,1
terlalu,45
paksa,17
download,38
pdhl,27
niat,30
semngat,1
twrus,1
bonus,8
dech,1
antar,67
telepon,12
lamban,1
ojek,42
bilang,43
nyalahin,3
bilangin,4
pribadi,9
sen,65
mepet,3
hak,5
atur,17
kapan,9
segala,6
aflikasi,1
kocak,14
kaga,13
kocakk,2
sampa,2
ngepasin,3
rb,104
tmbahan,1
krena,1
jarak,36
info,11
umur,3
hidup,5
pakek,8
lwbih,1
better,1
tips,7
y,10
jngan,1
d,83
target,1
gitu,39
kesanya,1
tadi,23
gopay,4
biaya,41
admin,25
api,1
cek,16
gamau,10
nambah,17
angkuh,2
emosi,15
sampah,18
dak,5
buka,63
batalin,30
makam,1
masalah,41
masak,10
hari,56
ngrefresh,1
sumpah,27
user,2
baiksangat,1
ramahsopan,4
nungguin,14
payah,29
wilayah,5
parepare,1
deliverynya,1
orderanmungkin,1
ongkos,46
yapadahal,1
jg,34
tingkat,27
ajar,12
mentang,4
sepelekantolong,1
eprbaiki,1
etika,9
hapus,20
playstore,2
gila,16
kagag,1
mnt,7
kapok,8
bandara,14
soekarno,2
hatta,1
mehong,1
byk,17
sanksi,3
mungkin,17
putus,6
mitra,28
kayak,32
ojol,36
tegas,7
gilir,24
tulisa,1
jumlah,10
lampau,9
notif,8
pemgemudi,1
aman,60
bego,8
sini,19
gabut,1
doang,21
knalpot,1
brong,1
stiker,4
modif,1
supirnya,15
paham,15
skrng,7
hati,49
muas,23
jam,95
kemudi,123
burikkkkkkkk,1
jaring,20
minuslambat,1
mana,64
lagisy,1
males,11
rada,2
soak,1
nemu,13
culas,3
naikin,13
duh,1
pengeurs,1
maxsim,15
tegasin,1
berkah,12
negur,1
loh,5
nyolot,6
ribut,8
mahalin,1
baapaknya,1
logout,6
gadikirim,1
atau,6
telpon,18
pertama,27
gunain,5
kata,68
aneh,69
laku,30
tetep,16
full,4
langsung,50
mo,5
cb,2
ngga,55
kek,22
edit,9
cekat,6
dpt,35
lngsng,3
wuuzzz,1
nyamle,1
bgus,4
pengenudinya,1
prioritas,8
soal,31
awal,53
make,14
kesini,11
mahal,52
ampe,9
km,16
apknya,10
santun,7
seblum,1
jga,8
foto,11
baikcuma,1
mesan,42
batal,85
kastamer,4
nyoba,7
simak,1
cakap,2
umum,6
area,14
bal,6
teman,8
alias,4
ras,3
hina,3
kalian,36
minus,5
developer,13
percaya,10
silah,1
balilihat,1
mes,21
rasa,16
adu,11
tindak,27
lanjut,17
tepat,50
kendara,44
tuh,31
busuk,11
kk,12
apps,2
internet,21
connection,1
worst,1
ever,1
sistemnyamasa,1
tarif,76
mengqadha,1
harganyakalau,1
sedikit,12
lambung,1
tinggi,13
ndk,1
alas,51
job,36
thank,6
u,3
sopandan,1
proses,8
laksana,14
dekat,43
lapor,18
sya,27
nyari,58
untung,27
sendri,3
dbayar,1
anterin,1
tempat,50
utk,18
tambahakan,1
costumer,12
support,3
keluh,15
burik,4
mapsnya,11
suram,1
daftar,70
aj,10
keburu,3
laper,2
gua,48
kg,5
ud,3
maki,10
sepele,3
anj,6
ajak,11
ngobrol,8
abang,35
okee,2
anjay,3
beres,2
sabar,26
macam,13
pepek,1
ngambil,15
gerak,6
menit,55
tak,31
ajg,2
plus,4
ketimbang,3
lain,10
delivery,23
posisi,15
terang,13
dg,16
senang,18
sekolah,19
garagara,3
usah,23
ngojek,5
pergi,14
ninggalin,1
dh,1
hampir,31
baru,97
apasih,2
jangancoba,1
pesanpijit,1
disinigara,1
pesanpijat,1
disinisya,1
rawat,2
dirs,1
nulis,2
apliksi,3
dikit,21
ko,12
minyak,1
penting,8
nian,1
dx,2
sengaja,14
ngasih,24
pontang,1
kerna,3
perotes,1
bobrok,3
ongkir,13
dr,30
sblmnya,1
unnistal,1
balik,13
berhatihatilah,1
bila,6
langgan,43
trbaik,1
parah,66
periksa,4
koneksi,3
kouta,2
kdang,1
pengantranya,1
evaluasi,4
keluarga,8
panjang,8
salam,3
kenal,4
puas,60
pokok,17
sumpahhhh,1
plisss,1
dering,2
ih,4
hapeku,1
nyala,5
batre,1
ku,17
kesel,19
ganggu,23
ramahbaik,2
bawah,8
ngaq,1
masukmasuk,2
pass,1
telor,3
gmna,7
ngorder,5
hancur,4
mu,10
kalok,3
gin,37
ngapain,4
ajatolong,1
anak,28
training,6
minimal,12
korban,2
pkoknya,1
sayaa,2
mesen,23
bpknta,1
sekaliterimakasih,1
ama,9
dalem,3
tas,3
sarung,1
hargane,1
jutaanhadeehhhudah,1
ngotot,5
lagi,4
supirne,1
kepake,4
maju,8
indonesia,13
kembang,9
tpi,24
masuktidak,1
voucher,9
tau,55
gmn,11
lot,15
bug,15
sinyal,10
baget,2
bersih,12
rapi,5
perfect,3
fast,3
slalu,13
alami,7
burukkkk,3
ngebatalin,2
gimanasaya,1
tibatiba,12
orderperbaiki,1
gi,1
deh,28
abal,5
nda,3
ad,21
sayamaxim,1
pilih,42
seksrang,1
samarinda,1
fiktif,21
lokasikarna,1
tanggung,12
jawan,1
gapernah,4
lenceng,1
beberapa,28
kemarin,14
malas,18
k,58
orglain,1
gatau,11
siapa,10
kabarin,1
sblm,3
otw,2
ak,2
komplen,4
ngmg,1
hhh,1
bye,3
bom,5
keranjang,2
skli,5
aplikasiga,1
live,2
service,8
senin,2
juli,4
e,21
penuh,29
keluar,36
alih,10
bagi,15
dana,17
kartu,2
buangbuang,1
kakak,6
rizkix,1
anggap,1
ngerjain,4
jempol,1
bina,3
aktif,18
suara,1
maupun,5
benerin,8
gx,4
ketemu,19
yah,20
bantuannyah,1
responnya,4
trimkasih,1
peyanan,1
cabul,5
nopol,37
gaff,1
anehsi,1
gbs,4
msk,5
pemberitahuan,9
stabil,3
pdahal,7
sosmed,2
data,16
adapaya,1
asik,10
bohong,10
jir,3
adminnya,4
seko,2
perak,5
galagi,1
trauma,10
dowload,3
grabgojek,7
orangnyacpat,1
sebal,3
doong,2
topup,14
kagak,7
trimakasi,2
kurir,15
bad,25
mantep,1
warga,1
simpan,2
maksa,7
kota,11
medan,6
sombong,20
patut,1
bicara,12
segi,7
cerita,8
knapa,4
mengunakan,4
dipranknunggu,1
nah,4
bsa,5
ongkirnya,5
gue,26
telah,1
oknum,15
keren,26
semangat,20
playanan,3
moh,1
alham,1
nur,1
motorcycle,22
warna,33
putih,11
ddxba,1
ramahtrim,1
moon,1
bincang,1
jaga,3
tatakramanya,1
saudara,2
perempuan,3
akibat,5
tanyatanya,1
pacar,6
dmn,2
lahdll,1
pokus,1
ngomong,4
wajar,6
bimbing,1
kaka,2
customerjngan,1
duit,23
perhatiin,1
raja,1
customerdriver,1
se,2
olah,1
chatnya,5
syahrani,1
toyota,6
avanza,6
hitam,8
dajv,1
hariandi,1
viky,1
firdaus,1
baif,1
nikmat,5
mantaap,3
very,6
nice,17
trima,14
ksih,4
bntuannya,1
entah,12
nemuin,2
koordinat,3
ditangerang,1
search,2
tangerang,2
depok,5
mb,1
diem,2
eh,31
nyaut,1
loginsaya,1
kasihmana,1
pulang,14
ken,8
cepetsampe,1
hadeuh,2
hadeuhhh,1
lagisaya,1
maximmau,1
donwload,1
kuota,6
burukkkkkkkk,1
porotin,1
melarat,1
ladenin,1
hnya,1
byar,3
cash,28
memghubungi,1
minat,1
blom,2
burukpemesann,1
sampai,3
devi,1
gusti,1
abg,7
masang,2
rubah,10
ulas,5
benerbener,1
cas,2
henti,4
tmpt,3
ada,17
bunyi,1
kt,2
ii,1
drevernya,2
jujur,26
ketingalan,1
orngnya,3
jelasmntak,1
tlpon,1
waktusmoga,1
sllu,6
sopir,30
galak,3
gtw,1
mantaptym,1
lokasiny,1
segera,20
hoaxxx,1
rbu,3
hdehhhh,1
to,2
car,45
transaksi,6
tq,3
sdah,1
online,27
sahabat,8
nominal,11
kecil,22
dulupeta,1
mapz,2
sagat,1
gede,6
woyyyyy,1
ngirit,1
jrg,1
kensel,2
fakyu,1
tera,15
ribu,36
perbaikisusah,1
bahaya,12
bodoh,7
direver,1
profesionalkalau,1
sikit,1
responpadahal,1
fee,3
jgk,1
lahgk,1
lgkalian,1
ni,26
jobs,4
bang,11
carger,1
opsi,11
spek,1
itel,1
p,1
nfc,1
ram,1
gb,1
ngak,13
brang,1
pulangin,1
mlh,4
komplain,8
kemna,1
yaa,18
susppen,1
tingkah,1
mengoder,1
kecuali,2
kdng,1
memberitahu,1
krna,18
mis,1
komunikasi,13
genit,2
gais,1
plis,2
denger,4
alam,23
temen,5
safety,3
tahan,6
bank,7
hadeh,6
topp,1
komennn,1
mna,2
tmpat,2
ngamuk,4
sip,3
smntara,1
blm,11
pintu,4
mhn,1
dprhtikan,1
siee,2
pakeeeee,2
ampun,17
dahh,1
curiga,3
ikbal,2
tandain,3
tangan,8
kosonghadi,1
sistem,43
costamer,1
bisa,10
rusak,14
dampar,1
cmn,5
padhal,3
ancam,7
ketus,3
ngerasa,2
sprti,4
jahat,2
ui,1
tarik,11
ux,1
cacat,4
layak,11
sarkas,1
pencet,8
tidaak,1
siap,9
tuduh,2
jahil,1
nipu,7
shop,3
pke,10
sakit,12
belikan,2
obat,2
log,21
in,21
tetap,50
bagaimana,13
servive,1
hasil,20
is,7
the,17
best,25
khusus,11
jelekburuktidak,1
akurattidak,1
mapburuk,1
sekalisupur,1
massnya,1
ramahh,2
telfon,4
dtk,1
terimaksih,1
berubahubah,1
transfaran,1
suah,1
raci,1
selau,1
deiver,1
gps,6
kacau,17
tino,1
ali,1
pecat,3
berhentikqn,1
syq,1
sbg,3
wah,4
skg,2
yahskg,1
banding,4
gocar,5
drive,6
ter,5
sigap,5
pm,1
auto,12
uninstall,18
akurasi,5
dalat,1
bs,14
hubung,23
batu,1
dateng,16
ghost,1
touch,1
pes,4
knpa,7
bekas,7
jakarta,5
langka,1
gajelas,20
kll,1
protes,3
ngangkut,1
bekerjasama,2
gausah,9
najis,6
kapoktakut,1
ugal,11
mikir,11
nyawa,2
laporin,1
tanggap,14
kenang,1
reting,3
drivermeminta,1
lebihatau,1
manfaat,14
komisi,2
xim,2
sengsara,3
nyamending,1
darah,3
kawan,1
work,1
it,6
argo,21
lapang,2
tip,10
balas,7
emang,29
engga,6
allah,4
jabbar,2
titenono,1
izin,6
swt,1
luncur,2
pangkal,3
pantas,4
amin,2
driper,3
guys,4
biasaa,1
pesnan,1
siy,1
belagu,3
pick,4
ancol,2
cileungsi,1
dket,1
bnyk,12
pelyanan,1
selaluaamiin,2
ungar,1
yaaaa,2
model,2
cancelnya,1
campreeet,1
kasihan,18
drivernyaaa,1
bodooooo,1
malesnnya,1
tolak,23
kait,4
nunggunya,2
jenuh,1
sii,1
uda,10
baguss,3
lamaa,2
bngtt,1
kalaw,1
bisaa,1
sihh,3
nentuin,4
alamatnyamapsnya,1
saku,1
brp,3
gprnh,1
nge,3
dev,2
grogol,1
utara,4
sedia,5
bogor,3
lol,5
mnding,2
selisih,5
usai,1
dtg,9
khususy,1
timika,2
sp,1
total,8
swiss,1
bell,1
lao,1
tujuanorderan,1
singgah,4
bentar,2
sk,1
kyak,1
profil,4
dikatain,1
hoax,5
gembel,1
wqgi,1
luarbiasa,1
nggk,5
nyuruh,4
kaki,6
yuris,1
gunawan,1
ab,1
sj,1
out,5
rute,25
buang,12
grand,1
lucky,1
plaza,1
senayan,1
harus,19
beer,1
garden,1
kiri,2
lurus,4
rutin,2
bulan,5
mogok,2
ramahcepat,3
abgnya,3
gacor,3
bg,9
mesum,3
whatsapp,7
darimana,1
privasi,1
jamin,4
baikdan,1
setir,1
arif,1
sultoni,1
f,1
fjk,1
aph,1
ketik,9
bayangin,2
fix,4
buntung,3
tuman,1
melulu,2
jing,3
worth,3
jajah,3
jual,18
atribut,4
bahkan,25
banyaklambat,1
laun,2
akab,1
permanen,2
bertahaplihatlah,1
sep,2
berfikiran,1
n,12
enjoy,1
nyesel,7
samsek,3
transfer,11
sana,8
cantum,7
haha,1
keong,1
lelet,12
wkwkwkwk,3
bapuk,1
bebek,2
bau,2
rokok,3
buset,4
payment,6
metode,5
nmr,2
tlpn,4
bnr,8
narik,7
narikaku,1
lok,3
gang,7
gaperna,1
gercep,5
aplg,1
kesana,3
butut,6
aq,4
sendal,2
lupa,3
swalow,1
kmbli,1
nggrutu,1
pk,3
jepit,1
pangasinan,1
parung,1
lawak,6
mls,1
rd,1
mangkel,1
termksh,1
riah,2
driveey,1
peethnkn,1
kak,10
soaly,1
desa,2
terbntu,2
adany,1
bntng,2
trmksh,1
orng,11
sngt,2
samping,2
hargay,1
kalang,2
miskin,2
tmksh,1
bpknya,2
jeput,1
langgar,3
begini,12
diupdate,4
realtime,2
debit,1
dicancel,7
batas,13
yagng,1
sam,1
saranin,2
penghuna,1
aplikator,8
binatang,3
sistemua,1
kiamat,2
bakal,12
kondisi,4
pantes,4
ngeluh,5
sepi,8
amuradul,1
gundul,1
tampil,8
seringkali,2
sadar,7
lalod,1
argonya,2
akal,6
etitud,2
tua,13
sopanin,1
sma,10
tegor,2
b,8
pzq,1
ribetnya,1
yang,1
berapa,15
les,1
this,2
nyagofood,1
hemat,8
lumayan,17
fungsi,4
sangatttttt,1
badd,1
keras,6
kalah,10
grabgojekshopefood,1
kaliiiii,1
hargaaaaa,1
tepok,1
pala,2
gaada,18
diapain,2
sandi,1
operator,3
anter,4
sumpahdrivernya,1
nyumpahin,1
musibah,1
abis,11
benci,2
walaupun,10
mampir,2
sebentar,3
toko,15
cuaca,1
teliti,3
jawab,20
bngt,17
genah,2
tawar,7
sekitar,4
cstmr,1
ky,2
poor,1
first,2
nyobain,1
opsional,1
kwatir,1
pasti,4
mertua,2
kosambi,1
kalideres,1
yatim,1
kristian,1
sandre,1
allorerung,1
biru,7
hijau,8
dpyd,1
kelam,1
kocakpas,1
kuatmacam,1
ini,1
hadehh,4
jos,2
ngacir,1
perdulibarang,1
belanja,11
bagasi,2
kuching,1
sarawakwaktu,1
turun,9
duduk,3
dalam,2
check,1
duli,2
milik,5
diadia,1
hotel,1
inap,1
really,1
lazy,1
dont,1
have,1
responsibilityso,1
anehh,2
malahh,1
panggil,10
hack,2
depan,17
gampang,8
kendaraanya,1
foodnya,1
per,3
drastis,1
konsisten,2
nongol,3
pelngan,1
bnyakan,1
draver,3
lbih,3
bik,1
tukang,8
korupsi,5
ngasi,1
digunain,4
anjg,2
bat,1
aduhh,1
bewan,1
epep,1
yok,1
ngeselin,2
profesional,11
sngat,9
asli,14
ditilep,1
rencana,3
bangetttt,1
baikkk,1
nyaaa,3
masyaallah,2
tenang,5
idam,1
bangettt,3
bayak,1
deteksi,10
banyakhabis,1
habishaduh,1
pusing,10
resto,3
biyar,1
teryata,1
bayr,1
meski,6
parkir,10
jang,1
ojolwarning,1
mehubungkan,1
gratis,8
staff,2
dipake,17
nontunai,11
coming,1
soon,2
hangus,3
minggu,12
sold,1
liat,20
platform,1
stock,1
elayananya,1
tujuansemangatt,1
masss,1
yaampun,1
susa,2
bangett,15
dibutuhin,1
banyakjazaakumullaahu,1
khoyron,1
ngebug,1
tukar,2
tombol,5
beban,3
bru,3
sangatt,4
sulitapalagi,1
kl,6
alamatsusah,1
dlitupun,1
dapatmsh,1
ngomongnya,1
toleransi,1
servis,1
orangx,1
rama,2
bukti,7
tf,16
email,7
lamaaa,3
ntah,3
asal,9
sayang,15
rp,12
ovo,1
nasihat,1
kesasar,4
tolok,1
tida,5
yaaparah,1
bca,2
lari,4
mobile,2
slnya,1
kompetitor,3
naro,1
kordinat,1
nye,3
nagih,2
jugatrims,1
helm,10
urgent,7
diri,16
drever,8
iming,3
gunakanterus,1
batalkanbikin,1
gregetalamat,1
gabisamasa,1
kudu,2
nyamperin,2
terbatusemoga,1
ketemuterus,1
nilai,6
sendirijelek,1
serta,4
rtrw,1
jalur,6
tanggerang,1
jaksel,2
menelfon,1
sangay,1
igin,1
boleh,1
mnta,5
ac,7
jendela,1
standar,2
orangy,1
masse,1
abng,5
ramahbawanya,1
pelan,3
nitikinnya,1
woy,6
an,11
naek,3
kulit,1
kacang,1
jas,5
teduh,1
tancap,1
basah,3
rekomendasi,4
mksih,3
termakasih,1
trimakasih,15
bertanggungjawab,3
akses,5
kenceng,1
wifi,6
teruk,1
arief,1
maulana,1
yusuf,1
cba,1
brpa,1
penipuann,1
dtng,1
wkwkww,1
dicansel,1
drivera,1
maksih,1
wewenang,1
bng,2
dimaxim,3
sebut,12
tgl,8
okt,2
psr,1
harjodaksino,1
alokasi,1
lihat,16
songong,3
kocag,1
dn,8
banya,1
tambal,2
ban,8
sarap,1
sekian,10
lwt,3
kira,9
boss,2
kudet,1
teknologi,1
mmg,3
complain,5
kantor,21
ntr,1
bli,1
selang,2
wangi,8
angka,3
empat,1
nabrak,3
kasiah,1
tembong,2
richeese,2
atoyilah,1
merah,9
adr,1
ikutin,1
delevery,1
lbh,4
manipulasi,2
antri,2
lampu,2
armada,3
ekonomis,1
taik,4
enggak,7
anjir,3
cakup,1
tbtb,5
ramahcepatringkaskas,1
padat,1
sopantidak,2
saing,13
kelas,5
apus,3
pandeglang,1
dapetin,2
trf,1
trllu,1
thanks,6
performa,2
perluwas,1
mensrjahtrakan,1
sok,8
fikir,1
budak,4
hahahaa,1
baikramah,4
belaguditolak,1
nga,7
hbs,2
pikir,10
pura,2
bocortolong,1
berhatihati,1
berkrendara,1
suaah,1
alamatt,1
rudettttt,1
mulut,4
adap,1
tungguin,3
betul,12
rumh,1
offline,5
yaudah,2
rampok,1
turunin,7
gelap,2
lecehin,1
harap,12
sisa,2
va,2
kog,2
kyk,8
japri,1
cancelpesan,1
bravo,1
and,1
maintenece,1
sibuk,3
goblog,1
teh,2
ngapa,2
ora,1
game,1
haduh,1
haduhh,1
pt,4
sito,1
makmur,1
hamilsemoga,1
salin,1
aamiin,2
pintar,1
bakti,1
diperbaikititik,1
salahselain,1
lgsampai,1
miskomunikasi,1
drivertp,1
ngertisaya,1
hatisaya,1
bohongin,2
tlng,3
muhammad,2
ridho,3
pratama,2
pcx,1
robby,1
rustamadji,1
mantaps,2
tamah,9
elek,1
segitu,10
doa,2
diskon,5
normal,5
ngepas,1
bagusin,1
verivikasi,3
maksimal,6
vermuk,6
bos,9
iseng,1
kumal,1
syakasi,1
list,5
premium,1
gpp,2
la,3
fasilitas,3
tetangga,7
untk,3
meningkatkn,1
kualitas,11
inovasi,1
babi,4
bro,1
baharu,6
ttik,2
bpk,5
manja,4
orederan,2
daud,1
mooduto,1
trike,1
dmabt,1
misal,4
sharelok,2
lamaaan,1
mengendarinya,1
gas,2
rem,4
tabrak,3
bentur,2
jok,2
keponakan,1
dasbor,1
perut,3
kanan,1
bpjy,1
tanjung,1
pinang,1
rekan,1
warung,5
jugak,3
kendala,10
rs,3
bbrp,4
lumayantapi,1
lagikita,1
klau,6
adatidak,1
simple,2
etik,2
copy,1
paste,2
alamatcopy,1
ketemutidak,1
riky,1
rikardo,1
hulu,1
walet,5
of,4
kemudian,6
cekcok,2
heran,6
miskom,1
sangka,1
anti,2
recomended,1
beneran,1
barusan,8
pungli,1
w,1
drtdi,1
truss,1
blok,5
verif,2
otpnya,5
ndak,3
dibenerin,3
unblok,1
na,4
flat,1
nkb,1
njemput,1
hitung,3
mutu,7
agas,1
pesasan,1
marketing,2
rame,4
bm,4
llj,1
adek,5
salut,2
dek,1
supri,1
woi,4
ye,1
iye,1
pd,1
mumet,1
ran,1
indomaret,4
alfamart,5
kedok,1
kamis,2
hey,1
stop,2
how,1
batamnews,1
are,1
looking,1
for,1
something,1
that,1
not,2
sad,1
ending,2
untuk,1
provider,1
nol,1
sangt,1
bangetkurir,1
takadang,1
akuratkurir,1
palembang,1
dibatasin,1
ngemap,1
doain,1
lulus,1
uji,2
gakbisa,2
kesal,2
brrmutu,1
menangin,1
kgak,1
genting,1
sesuaiselama,1
apaapan,1
senggol,8
plastik,8
lecet,2
penyok,3
ngaco,3
ofsifh,2
cabang,3
kluar,3
sportif,1
angsur,1
mkenceng,1
pematangsiantar,1
jelasnggak,1
tersediaserta,1
lapar,2
jelashabis,1
sangan,2
sigma,1
stenga,1
foodny,1
laksa,1
tamahsemoga,1
paksemangat,1
vocer,2
sejajar,1
dooonk,1
oka,1
god,1
ngerti,6
sbnrny,1
kyny,1
repot,9
nitikin,2
manual,4
slow,2
vertifikasi,2
dibalikpapan,1
pelayanannyasering,1
bgttttttt,1
yajadi,1
inisiap,1
gaji,3
om,6
kasihmantap,1
rmah,1
nyag,1
masuktiba,1
dompet,4
blokirrrrdasar,1
balikin,5
guaa,1
woyyyy,1
adakan,2
paymen,1
pda,3
drivwrnya,1
nyamenguji,1
hadap,2
bagai,2
karakter,1
orangthanks,1
ingin,3
peduliin,1
smoga,3
tge,1
berattitude,1
berhentiin,1
direspon,2
lgsg,4
leletmending,1
nerimaterus,1
bnget,2
lgiudh,1
stengah,2
join,1
kasprokaspronya,1
mahaltopup,1
masukakun,1
terkuncikenapa,1
tujuandrivernya,1
mamang,1
m,6
fadol,1
rzl,1
okay,4
macet,6
huuuuuuu,1
walletnya,5
familiar,1
baikk,4
slah,2
jmpol,1
kbawah,1
otpny,1
engk,1
marahin,4
smua,4
pengin,1
astaga,3
astagfirullah,1
elus,4
dada,2
t,2
fs,1
selektif,2
sekalisaya,1
masjid,2
mahabatullah,2
polda,1
jambi,3
bbrpa,1
burukk,2
sopanntdk,1
memlihin,1
sembarang,7
hariadi,1
ztw,1
peras,2
beliau,6
blacklist,1
ikan,4
ranting,1
saring,1
baguscm,1
isiupdate,1
rbisi,1
luaaamaaaa,1
sekalibener,1
thnk,1
you,3
ugalanada,1
sambar,2
kabur,12
aplikaasi,1
kang,2
ujang,2
humble,2
seriusss,1
jarang,6
act,1
makasihh,1
bangg,1
mood,4
grgr,2
wkwk,4
maksim,11
ngg,1
merspon,1
diver,3
perkosa,2
public,1
sedot,7
rusia,3
negara,2
doyan,1
perang,1
orangorang,2
tujuanbeda,1
kitamohon,1
berat,6
jengkel,2
rakyat,2
nyansangat,1
baiksopir,1
promonya,5
ngirder,1
betulin,2
jobb,1
nyangkut,5
apapa,1
apain,1
halo,1
inu,1
perbaikin,3
urusin,3
eroor,2
betah,1
gojekgrab,2
ngalahin,1
tempel,1
iklan,4
percis,1
fasat,1
pcs,1
br,3
cat,2
gr,1
kumpul,1
pengkol,1
menang,1
seragam,2
nerbudaya,1
seklianya,1
bnrr,1
super,5
duper,2
alah,1
batalain,2
giat,2
becus,4
nganterinnya,1
tanya,12
syarat,3
cepet,12
ambontarif,1
draiver,3
inti,5
hancurin,1
driveryg,2
disalahgunakan,2
kala,1
gaptek,1
tahu,8
dinaikin,4
maksimum,1
dar,3
pemgaturan,1
timbang,1
msih,3
dear,3
team,3
bahan,2
inputan,1
tambahn,1
delvery,1
tugas,1
kmrn,1
smpt,1
hampers,2
lebaran,1
ybs,1
merespon,3
thks,1
juang,1
patah,1
ketat,5
parahhhhh,1
susahhhh,1
mantapp,1
fiturnya,5
palalu,1
nombok,1
bngst,1
delay,5
jelekmasa,1
makananfoodcari,1
mantappp,3
denga,2
foot,1
sni,1
angebug,1
gesit,1
suriansyah,1
ktbca,1
sanggt,1
sannggattt,1
sekaliiii,1
sejahtera,5
input,2
messageaplikasi,1
ekonimis,1
muak,1
napigatot,1
donk,14
deliver,2
kritik,4
mh,1
poko,8
barokah,3
njih,1
jls,4
memberitahukan,1
deaiprnya,1
gamasuk,2
do,1
anggota,2
kmu,1
sifat,2
sayo,1
dengar,7
yo,1
roy,1
delmax,1
vin,1
h,1
talas,1
dtwf,1
aplagi,1
laen,2
suru,3
double,5
rendah,5
maap,3
ikhlas,6
mantul,1
friendly,2
tiktok,2
viral,3
malakin,1
krupuk,4
baret,1
sial,5
haram,4
sumpahin,3
maling,2
pengoder,1
dang,1
sepedamotor,2
pandang,2
naf,1
walopun,3
rela,1
sepeda,5
mulai,6
hingga,2
karnakan,1
cam,3
mapping,1
delete,1
ngirim,5
taaauuuu,1
klean,1
dngo,1
pantesan,1
pkai,1
gera,2
hamil,1
bls,1
ah,5
sangaatt,1
bermanfaaat,1
injak,1
becek,2
bersahabay,1
anehdriver,1
baperan,1
pelayyaan,1
unit,1
yogyakarta,2
stu,1
tuk,2
luas,3
mewah,1
rezeky,1
banh,1
jelasberapa,1
kasproya,1
lahmana,1
lagimending,1
danalink,1
soban,1
set,3
rekomended,1
bloon,1
yth,2
maximtolong,1
bntu,1
trnsksi,1
mei,3
trnyta,2
zoonk,1
krg,1
mampu,3
yng,3
greb,2
gojeg,2
mng,1
jalanin,1
limit,2
otppadahal,1
ajah,6
menelvon,1
blum,2
suami,3
mncari,1
malaysia,2
rangin,2
efektif,1
ain,2
dikumpulin,1
loginnya,1
kedai,1
cariin,1
makann,1
jlk,2
dimasukin,1
puastidak,1
mapalamat,1
charge,3
tolkatanya,1
pool,1
ready,1
mahalkaget,1
aplikasimungkin,1
pegawai,3
penumpangpadahal,1
sendirikalau,1
tol,3
pemberitahuansaat,1
tahukapok,1
bisnis,1
sekalu,1
sat,2
mantab,2
bantuannyasangat,1
gilran,1
smpe,5
jaln,1
tambhin,1
komplenan,1
bapk,1
positif,4
bantusudah,1
cust,4
ngerugiin,4
kya,5
tb,4
instal,7
msh,5
zonk,3
baiktingkatkan,1
ribetttsaya,1
waletkaspro,1
darurat,3
iphone,1
pro,4
fi,1
men,1
tertib,3
misterius,1
promosi,4
hehehehehe,1
updgrade,1
apotek,1
sngatt,1
krim,1
fto,1
maxcim,1
endap,2
new,1
ordern,1
mlah,2
bkurg,1
gblok,1
setan,2
inimohon,1
gunaaa,1
recommended,4
murahtapi,2
makas,3
lagiii,1
loadingnya,2
oderan,2
yunitnya,1
semenjak,2
sebenrnya,1
cumn,1
terimkasih,1
tani,1
mangantar,1
koontooll,1
malu,1
laki,1
masyarakat,2
cepattt,1
recomend,2
sliweran,1
nanya,4
godain,1
nambahin,1
ngaret,4
ngaretnya,1
dk,4
nyamannnn,1
informasi,2
obrol,3
askes,1
media,2
hallo,2
updatenya,1
gunaklo,1
jngn,2
lagibuang,1
sex,1
nyetir,3
drivernyaapa,1
tutupgak,1
tulisanya,1
kerkof,2
nanjung,2
gimananini,1
kelola,1
updatesaya,1
ojekaplikasi,1
taxsee,3
bodong,1
security,1
protexci,1
bnyak,5
telusur,3
kgk,3
kaasta,1
rendag,1
serg,1
buluk,1
apani,1
cept,1
terptong,1
jazakallah,1
khair,1
katsiran,1
jagan,3
datengin,1
imingi,1
klarifikasi,1
konfir,2
justru,1
respond,1
kontak,7
kaca,5
spion,2
calya,3
sigra,3
kap,2
belakang,4
kaum,1
kec,2
pakisaji,1
kab,2
malang,2
jawa,2
timur,1
april,4
pukul,1
ingat,3
internal,1
airport,1
mapingnya,1
sedih,3
bagusss,2
cepatmemuaskan,1
rabu,1
pekanbaru,2
provinsi,1
riau,1
pramuka,2
rsud,1
arifin,1
ahmad,1
ngancem,2
mukulin,1
lanjutin,1
ragu,4
jelassssssss,1
gda,2
bangsattt,1
kecewakok,1
notifnya,1
hatitks,1
driverlancar,1
adem,1
ayem,1
ide,1
haruse,1
belum,5
bkl,1
mrahin,1
bpak,1
banhet,1
persen,1
antem,1
gra,3
ngototan,1
setop,1
makek,1
next,1
terimah,2
saat,6
otorisasi,6
nasib,4
unistall,1
ridernya,1
lambattt,1
nembaknya,1
by,3
jugajadi,1
diimingi,1
dbest,1
pkek,1
atributtpi,1
mslah,1
mtor,1
helmnytolongla,1
cuci,1
dakianpayah,1
jorok,1
ma,4
adminmaf,1
ktmu,1
negatif,2
sndiri,3
lemah,2
fatal,2
menyalahgunakan,2
bisaaa,2
test,2
lagidehhh,1
mapsssudah,1
mwnit,1
nyasarpadahal,1
rinci,1
jugaa,2
website,1
afk,1
ajing,2
semu,1
semuga,1
halang,1
jelasbukan,1
berturutturut,1
itu,3
ratarata,4
nelp,1
atributseperti,1
puter,2
tenaga,3
ojolnya,3
bakar,1
impression,1
mksi,1
bikinin,1
lima,2
pemrosesan,1
nggeh,1
buk,1
hal,1
gantung,3
trkadang,1
driverdtiver,1
pintuchat,1
masuktlg,1
bersidriver,1
ramahmusik,1
rujak,1
kulkas,1
tony,1
karyanto,1
muda,3
kugc,1
sekalisenang,1
deeper,1
omelin,3
dreper,1
asnur,1
karim,1
dtdr,1
perbaiaykarema,1
tetwp,1
castemer,1
pickup,2
muk,1
dicopy,1
nyeseeellll,1
nunggukaya,1
upgrade,4
management,2
sebel,2
bahas,1
merchant,5
tambahin,3
sesal,5
amaaaaaaaaatttt,1
lelettttt,1
laintidak,1
rasanyajaket,1
laindi,1
gadut,1
tilatang,1
kamang,1
agam,1
sumbarsaya,1
indriver,2
maximkalian,1
nyabiar,1
lemottt,1
kasianndriver,1
pesann,1
ehhhh,1
koq,2
emis,1
leceh,4
meng,1
paha,1
adik,2
jugabkena,1
adab,1
akuuuu,1
mixue,1
mahall,1
follow,1
about,1
kamera,1
difitur,1
jenis,5
bentuk,1
ukur,1
gambar,4
doank,4
nyesal,1
ewalletnya,2
gaenak,1
efek,3
dpat,3
trimksi,1
abaang,1
mlm,3
demm,1
mnggil,1
stok,1
obt,1
alhmdulillah,1
nolongin,1
indo,1
transpor,1
singah,1
herannn,1
rinto,1
siagian,1
abuabu,1
bpdq,1
curang,2
ampas,2
ngetik,2
kga,1
ketemuapaan,1
bernamahanya,1
kotak,3
krtu,1
smrtfreen,1
dkirim,2
ratus,3
dcoba,1
amburadul,2
mintak,4
berjamjam,1
tanyain,1
mintain,2
loby,2
maxin,1
kentel,1
express,1
minum,2
attitudenya,1
ngantuk,1
humblewangi,1
jmpt,1
hihihi,1
canda,1
kelamin,3
alhamdulillahpertama,1
insya,1
bgtt,2
sippp,1
pol,1
omong,2
nyadan,1
byak,1
payahh,2
format,3
hpnya,2
elizaman,1
natalis,1
gea,1
daihatsu,3
bkaes,1
jelasss,1
pebgemdipadahal,1
ajarin,1
aplikatornyamaps,1
susahga,1
modal,1
krja,1
mapsmau,1
abai,3
keselamatanbuat,1
baikpake,1
lahjelas,1
yt,1
woeee,1
balikkk,1
maximmmm,1
tele,2
responsekalinya,1
jugaaa,1
hadehhh,1
nihh,1
teledor,1
mnit,2
stelah,1
lgsung,1
silent,1
logika,2
dihub,1
orderjd,1
jngkau,1
drver,2
burikk,1
kenpa,2
goridenya,1
benah,4
satun,1
tagih,6
gppa,1
brapa,1
ngelunjak,1
tujuandi,1
balastolong,1
disiplin,2
catat,3
hadehhhh,1
berubahdr,1
ribudriver,1
sopangak,1
ramahsaya,2
gate,1
bangat,3
hilangin,1
trip,2
ngetuk,1
angel,2
cocok,3
ininaik,1
a,2
jelasbikin,1
penggunaorder,1
ramahmenggemudi,1
santai,2
rekeninsangat,1
melaksanakn,1
muka,5
ustadz,1
tampang,1
preman,2
latih,2
slbn,1
tambora,1
standby,1
hai,3
murid,3
disabilitas,1
komunikatif,3
bosan,1
bageur,1
maximal,1
aps,3
napa,3
dahhh,1
milih,7
trossss,1
nravel,1
trosss,1
gagalkurang,1
semuanyamasih,1
yakalo,1
sempurna,3
juwantoro,1
bgaeo,1
sia,2
applikasi,1
server,2
uptade,1
lucu,7
ade,3
semalem,1
lawan,4
halte,2
sunter,2
besar,11
jt,1
wanggi,1
komfirmasi,1
sistematis,2
taat,1
perintah,4
pling,3
cilok,2
tabung,1
diajarin,1
ngadu,1
perkara,1
pelayananya,3
goood,1
nyamandan,1
motoraplikasi,1
todak,1
semtara,1
keliling,2
jmput,3
sus,2
palu,2
provsulawesi,1
pungut,1
sedng,1
kn,4
terapkn,1
tentang,1
dngn,3
slogan,1
nyakecewa,1
sabarthks,1
ilang,4
yuo,1
nakalbeberapa,1
yll,1
kmdengan,1
note,1
perempuanumur,1
thnan,1
nenek,1
th,1
kampunghnya,1
mobilsaya,1
lpadahal,1
dancok,1
diinput,1
ngatar,1
kamu,3
cecep,1
anwar,1
sanusi,1
tow,1
pada,1
tujuansering,1
inisaran,1
timpa,1
lainmisalnya,1
salahkasih,1
poin,3
maxom,1
os,1
cpat,3
baikakan,1
waktubahkan,1
strategis,1
tks,3
rejekinya,5
jutek,1
usut,2
tsb,2
coustemer,1
tunjuk,4
buta,7
sejak,3
mapsbug,1
lemotorderan,1
sulawesi,3
aktifitu,1
molor,1
haruasnya,1
berani,2
ngeluarin,1
trimksih,1
hantar,1
cepetkurir,1
irit,2
kasij,1
boong,3
kantong,1
buyer,1
sahaja,1
bangsat,2
skrang,1
doublemasa,1
lagikdg,1
nympe,1
nyampeparah,1
plyanan,1
dajal,1
dajjal,1
sampek,3
pajero,1
naise,1
baiktetap,1
tuhan,2
berkat,1
mw,1
sabr,1
rbtaunya,1
drivernyesel,1
tpo,1
kasprouangya,1
padahaltolong,1
ehh,1
apl,11
tunaipadhal,1
agama,2
gereja,2
puluh,3
gt,3
nempel,1
lepas,1
dilaporin,1
ngeclaim,1
kendor,1
ngajak,4
debat,2
pcr,1
tlg,1
tatakrama,1
hahahahaha,1
tmn,5
susul,1
sempat,5
pisau,2
tgn,1
kosong,3
diksih,1
panik,2
ss,2
ngajuin,1
kerjain,1
gacorr,1
saama,2
alesan,6
gaco,3
tebet,2
stasiun,4
ujan,5
ride,3
deres,1
dsrh,1
ayo,1
btnya,1
inisiatif,1
ngsh,1
kecancle,1
baju,3
lepek,1
ilham,2
sudy,1
adk,1
mrmberi,1
sgt,2
efisiensi,1
bandung,1
sekalipun,1
feedback,2
bukacode,1
emergency,1
nyetirnya,2
route,1
putar,3
bgtu,2
bkin,1
kslo,1
haris,1
rua,1
tifsk,1
lirim,1
gal,1
afs,1
atsu,1
orgkos,1
ajalebih,1
nyatak,1
gocengmaxim,1
naikwaduhhh,1
kaget,4
ngakalin,1
seolaholah,2
adadicancel,1
carnya,1
beras,1
liter,2
pertalite,1
porsi,1
bakso,1
ribugila,1
kaliauto,1
maksi,1
vermak,2
nyariin,1
kanto,1
loginaplikasi,1
unistal,1
expired,1
ruwet,5
buah,2
cacad,1
cair,2
ato,2
jelassaldo,1
apasaya,3
pengemuditerus,1
sales,3
rugisaya,1
rupiah,4
laju,1
benahin,1
gih,1
gantiin,1
banded,1
angkot,1
tembak,1
jdnya,3
jl,3
rantau,1
sidoarjo,2
kemanamana,2
atmewallet,1
bngetgak,1
taiigak,1
seperti,1
briefing,1
miris,4
sdm,4
mode,2
disukain,1
bayi,1
karena,3
dijalannama,1
sunedi,1
gunung,2
putri,2
go,3
carplat,1
himbauan,1
nmax,1
pdd,1
ferdy,1
taufiqurahman,1
lintas,1
aplikasix,1
kolom,2
ganteng,4
apaapa,1
huh,1
sanggau,1
kalimantan,2
barat,4
aktf,1
gbisa,2
me,2
ngencel,1
ngerubah,1
yaman,1
stress,1
chas,1
etikat,1
kasus,6
grcep,1
mxim,2
dimarahin,1
wangiiiii,1
bangeeet,1
kash,1
laris,1
manissss,1
rejeki,2
sekrg,1
ajha,2
istri,4
sekalidua,1
komenan,1
satelit,1
bolak,2
gmaps,3
nyocokin,1
maf,2
uinstal,1
lgpercuma,1
kmren,2
kodeymslahy,1
joss,1
ksh,4
abngnya,2
kerjasamanya,2
lagiiii,1
semangattt,1
orderannyaa,1
nyane,1
bangsa,3
indonesiaga,1
stabilpadahal,1
kekerjaanpayaaaaahhh,1
epayment,1
ja,3
draivernya,1
brifa,1
sd,2
tlong,2
ttpi,1
black,2
banger,1
call,3
center,3
interaksi,1
tinjau,2
btl,2
asyuugx,1
my,1
gaush,2
desak,3
drivergak,1
dreiver,1
bangke,4
tidaj,1
sekarangdriver,1
capek,6
maantap,1
awalawal,1
milihmilih,1
watak,1
jarakjarak,1
sekira,1
bijak,2
karyawan,6
bagusdriver,1
updeate,1
sekaranga,1
otoritas,2
restrart,1
garis,5
lag,2
balap,3
z,1
hhah,1
gituuu,1
selatan,3
atensi,1
pasu,1
hape,1
okpuas,1
noga,1
pekerjaanya,1
nampak,4
just,1
feel,1
embarrassed,1
right,1
now,1
ponakan,1
sayadan,1
banting,2
sanggup,1
begtu,1
pnjemputan,1
ptsito,1
suatu,2
juta,1
tanggulang,1
ati,2
pasar,5
turi,1
surabaya,1
bungurasih,1
getok,1
alsan,1
parkr,1
diterusin,1
akan,1
pinalty,1
penjemputantujuan,1
dibenahin,1
trnyata,1
boongan,1
kola,2
masukkebuang,1
bagusdan,1
terecord,1
ng,3
calon,2
responsip,1
sory,1
situasi,1
nampung,2
tegur,3
offkan,1
bapake,1
sepakat,2
parahhh,1
mreka,2
nunjukin,2
jalannlewat,1
buanget,2
dtgnya,1
mnurut,1
sesi,1
stres,1
baranggada,1
luamaa,1
bknya,2
gabole,1
kerjaaa,1
naikkin,1
ganguan,1
apalikasi,1
mbak,1
spg,1
pimpin,1
ktitik,1
gaduh,1
gairah,1
sepelein,1
kuasa,1
title,1
power,1
jidat,2
gertak,1
polisi,2
office,3
bedain,2
rekrut,1
paraaah,1
trouble,1
resmi,2
penipuangak,1
hebat,1
nyolong,1
btw,2
ngantar,3
colong,1
pls,2
mesti,3
lcak,1
trimakaihh,1
memuaaskan,1
toxic,3
tes,2
risih,2
eka,1
supraman,1
nekat,2
lebihin,5
mama,1
fisik,2
pelanggansusah,1
jelassaya,1
waspadatakutnya,1
rekening,3
jebol,1
burikkkk,1
manthap,1
mknn,1
gilaa,2
bkn,2
rekomen,2
hipnotis,1
kebnyakan,1
peak,1
persetan,1
latar,1
pampang,1
berkalikali,2
nganggur,1
responsif,3
tdi,1
malesin,1
sendiridi,1
terupdate,1
debittftopup,1
errorsering,1
tempuh,2
sesuaiargo,1
hu,1
aplnya,1
liar,1
jujurly,1
kirain,3
kpd,2
tangga,1
nyri,1
reimburse,1
minim,2
transparan,1
inibila,1
mirip,2
bilngnya,1
hoakkkk,1
ngilangin,1
wangiso,1
far,1
komplitthx,1
delate,1
rapih,3
penumpangaplikasi,1
manteps,1
jelekkk,1
lh,3
jrak,2
terbebanin,1
dngan,1
dkat,1
jrk,1
dimapsnya,1
kekeh,1
tipuk,1
nnti,2
karya,1
coksmsnya,1
terimakasihkeadaan,1
deras,4
orderankelihatan,1
orangnyaterimakasih,1
dimatiin,3
capai,1
rejekinyaa,1
andal,2
drivee,1
rekomendasiin,1
dbnding,1
gni,1
lenyap,1
puass,1
ramahtenang,1
dengn,1
woylah,1
dkira,1
fiktiv,1
indra,1
sakti,1
lubis,1
ayla,1
bdoq,1
rmh,2
gbsa,2
kereta,10
kampung,2
guru,2
applikasinya,1
noo,1
brenti,1
paraaahh,1
itikad,2
baikbener,1
asemmm,1
tri,3
sepak,1
kejam,1
sadis,1
awesome,1
benarin,1
lahh,3
ayam,1
geprek,1
sate,1
kakap,1
jelalat,1
macem,2
gen,1
gatel,1
estimasih,1
saking,1
dibtalin,1
uangya,1
ibuk,1
asil,1
tanda,3
waktudrivernya,1
ramahberhati,1
tujuanalhamdulillah,1
druiver,1
produk,1
pastilogin,1
virifikasi,1
jayapura,2
hehe,2
hahha,1
cargo,3
ayooo,1
adlh,1
hadiah,1
smiggle,1
apilikasi,1
gerat,1
gl,1
pakeminimal,1
ngeghosting,1
teguh,1
septian,1
fubv,1
xx,1
pinter,2
atitude,2
banned,1
ckup,1
skem,1
mam,1
say,2
aingin,1
buaya,1
anjirrrrr,1
fak,2
minjemin,1
bodohmap,1
masuklog,1
aiplikasi,1
dilevery,1
ramahsangat,1
gorontalo,1
bhkan,2
tda,1
sangkut,1
paut,1
ottp,1
consumer,1
lebar,2
pis,1
hanutnuhun,1
pembayarantop,1
perbaikaan,1
debu,2
ngirup,1
panas,1
himbau,1
manusiawi,4
manusia,1
rodi,1
eee,1
lohhhh,1
jelasmasak,1
nafkah,2
balikpapan,1
kreen,1
baikramahdijemput,1
jiwa,3
pngemudi,1
sebelumnyaadmin,1
curhat,1
derefer,1
nuduh,1
ngejelekin,1
menggangu,1
sambung,1
koin,2
ramahamandan,1
jelaaaaaaas,1
kunaon,1
asia,1
goblok,1
aing,1
teu,1
ge,1
suratsaya,1
tinggl,1
brg,1
surat,1
tertinggl,1
popup,1
nanyain,1
mancing,1
gaguna,1
buruksumpah,1
maximdownload,1
nyadi,2
ssdh,1
driverny,1
inidriver,1
amanahbisa,1
menituntuk,1
nopal,1
medanbaca,1
yaajangan,1
drivermending,1
namnya,1
hujantentu,1
badan,2
kalqu,1
gag,2
basahmending,1
ngebid,1
kenapaa,1
ongkospengemudi,1
kebut,4
dripda,1
disni,1
penumpangtolong,1
iniudh,1
jantung,1
kmjam,1
anjirr,1
sampenya,2
speedy,1
nyantaitolong,1
diingetin,1
bintangyg,1
sfh,1
review,2
indrive,2
tunjukkin,1
kost,1
cma,2
capeee,2
iniribet,1
memuaskanterima,1
system,1
jmbut,1
ngebut,4
nyenggol,2
lampir,1
kntl,3
promosiinnya,1
bales,4
memori,1
canggih,1
mesin,1
bekicot,1
hrus,2
terkhr,1
aturnnya,1
cepetan,1
pesananalsebelum,1
histori,1
bodo,3
ngendarain,1
l,4
tdinya,1
dimintain,1
dsni,1
semaunyabiasanya,1
alihin,1
nyebelin,1
kampes,1
elo,1
diapaapain,1
bangt,2
heduhhh,1
maapss,1
abdeats,1
dengerin,1
sekaliiiii,1
paksehat,1
amplikasi,1
ngoder,1
jlas,1
nembak,1
ksi,1
akh,1
drivenya,1
rajok,1
kompeten,2
valid,1
dlll,1
scroll,2
dilewatin,1
sikap,6
dampak,1
membantutrimakasih,1
dikerjain,1
jawaborang,1
rupa,2
pontianak,1
ajuhkan,1
rek,1
judes,1
aplkasi,1
keringat,1
klaim,2
ypssi,1
soalx,1
jempu,1
draper,1
batalinn,1
inisangwt,1
martapura,1
ternate,1
psar,1
gamalama,1
tryta,1
dibyar,1
kostumer,1
ditipusy,1
sistemx,1
mantabdrivera,1
lngsung,1
cuuussstepat,1
suash,1
ktika,1
pin,2
erorkasihan,1
sewa,1
licin,1
nh,1
tanah,1
ngira,1
situ,2
mknya,1
veloz,1
yamohon,1
drpd,1
suryadi,1
inova,3
banl,1
jijik,1
ngerem,1
dadak,1
thn,1
jatuh,1
bangku,1
notice,1
kriminal,1
korup,1
mampus,1
menggembalikan,1
kembalianya,1
dzalim,2
ente,6
dunia,2
etah,1
siksa,2
neraka,1
kelak,1
ujuk,1
imbas,1
egois,1
kedzaliman,1
sembahyang,1
kerjane,1
matiin,3
baikbaik,1
serius,3
ngamukmaksudnya,1
kno,1
refund,1
sesat,3
ucap,1
kooperatif,1
transparansi,1
cashless,5
pilihin,1
comot,1
mamangny,1
makanya,4
ngandalin,1
mksh,4
kasihsemoga,1
dalampelayanannya,1
tercancel,2
jlsny,1
bojong,1
nangka,1
iv,1
jatimulya,1
tujuansehingga,1
sesuaipengemudi,1
jalanbeda,1
handal,1
mobilmaaf,1
manokwari,2
mrk,1
pelngganlmeski,1
hargamohon,1
kebih,1
pra,1
nyajgn,2
kln,2
lmarah,1
oernah,1
pedulimeskipun,1
tranper,1
peduli,1
bagong,2
drivermalah,1
gadel,1
wangidrivernya,1
baugak,1
atributgadelrambut,1
gondrong,1
lainbeda,1
kerenn,1
ewalet,1
lainbank,1
digital,3
shopeepay,1
seabank,1
indomaretminusnya,1
yakin,1
akn,1
pnumpang,1
realisasi,1
empati,1
kesi,1
gigih,1
prihartono,1
agya,1
bpgc,1
dripernya,1
malem,2
goride,1
raaamaah,1
pengemudiakun,1
bocor,4
enek,1
syaa,1
kabut,1
kygt,1
jadwal,3
gapapa,2
klw,4
benerloading,1
terusalamat,1
cinta,1
oderin,1
ulasanya,1
grep,2
serah,1
ganiat,1
tamu,1
wajib,6
suspen,3
bbrapa,1
drivwr,1
kominilatif,1
freindly,1
jemputtolong,1
gojekgrabmna,1
jgga,1
bgs,1
aplikasinybukan,1
dapay,1
abangna,1
merepotkangoods,1
pliis,1
kempatan,1
siih,1
laah,1
estimasi,3
danawallet,1
sayatolong,1
okmembantu,1
kastamersi,1
drifer,1
kringat,1
renda,1
nyambung,2
krang,1
oy,1
karyawanmu,1
megang,1
pipi,1
baha,1
cewek,2
kos,1
sariyanto,1
bar,2
jikalau,1
restonya,1
kenyang,1
errorsistemnya,1
burukdisaat,1
kerjaeh,1
mesanmurah,1
begopadahal,1
ber,4
drivernih,1
begoselalu,1
zonkjgn,1
taii,2
jgan,1
hambat,3
ramahhh,1
terimakasihpelayanan,1
ndelok,1
sng,1
didik,1
haryanto,1
bnff,1
kelogout,1
dtxy,1
anjingggmau,1
berangkatno,1
gwdi,1
goblokk,1
satsetsopan,1
id,1
smanya,1
aeon,1
tj,1
rebo,1
hiatory,1
share,1
gaes,1
jelasssss,1
ramahmobil,1
nyopir,1
bget,1
bersihcuma,1
nyalan,1
dululain,1
mula,2
utang,1
ngeri,3
celaka,2
krm,1
ega,1
dengan,1
nyacuma,1
doangapk,1
su,1
kasprosaya,1
ket,1
nyajadi,1
rumit,2
ramahbwa,1
sklithe,1
thebest,1
jco,1
pesa,1
geser,2
anjar,1
rahmat,1
santosa,1
fubq,1
macim,1
mata,1
nuhun,2
hes,1
gianyer,1
thanx,1
delive,1
ktanya,1
rangkasbitung,1
halah,1
gajadi,1
ala,1
kadar,1
numpang,1
coment,2
tim,2
ting,2
tekan,1
denda,1
waitting,1
kendari,2
ngeload,1
asyik,1
kayuringin,1
mengcancle,1
matik,1
jera,3
sendiriini,1
bagaimanatolong,1
pesanandan,1
kasro,1
bagusmakash,1
paksmoga,1
paksmangat,1
nyantolgiliran,1
dtngdah,1
dianteraduh,1
cancelldah,1
ngaruh,1
ternyatapayah,1
makananmana,1
code,2
ramahnyaman,1
ekspresi,1
kurirnyatrima,1
kazol,1
ngurangin,1
uba,1
jelass,1
bp,1
yana,1
dkit,1
kdg,2
konmsumen,1
tlfn,1
ngatai,1
hei,1
sangsi,1
nurunin,1
byee,1
drvrnya,1
blokk,1
loker,1
kualanamu,1
booth,1
agustus,1
ilegal,1
kerjasama,4
maximbaru,1
permasalahin,1
history,1
okdriver,1
seluler,1
kas,2
duitnyakan,1
buangduit,1
publik,1
didownload,2
stiap,1
psen,1
maximgps,1
sellu,1
mnmukan,1
prasangka,1
fery,1
aguswanto,1
be,2
zolim,1
loe,1
screenshot,1
esdebes,1
samsungnya,1
tyb,1
gold,1
itikat,1
star,2
antam,1
lio,1
bilng,2
ikhlasin,1
jajan,1
sklh,1
sampaintujuan,1
terimakasihamanah,1
kilo,1
cuyyy,1
sabarbaik,1
awak,1
smuanya,1
baikhrga,1
hubungin,1
susaaahh,1
dobel,2
enk,2
lebihtapi,1
untum,1
dwngan,1
formal,1
token,1
listrik,1
konter,1
sajabeli,1
adminya,1
masala,1
srobat,1
srobot,1
shock,1
gerobak,1
kebayoran,1
pancoran,1
baja,1
mba,1
opo,1
kon,1
haji,1
po,1
piye,1
kargo,2
dslam,1
tdimau,1
sruh,1
ketnggaln,1
murahh,1
ngasihh,1
gudang,2
numpuk,1
manajemen,1
ramahsemengat,1
wahai,1
yuk,2
getman,3
play,2
store,3
kementriancar,1
gubernur,2
lambok,1
hutasoit,1
bpci,1
ckp,1
percepatpenambahan,1
kesah,1
mendaptakan,1
shopefood,1
begosudah,1
titikin,1
gblg,1
wae,1
djln,1
selip,1
revisi,1
mengatasnamakan,1
kmbali,1
alat,1
tenggara,1
gofood,1
sja,1
dasboard,1
keblock,1
kamrin,1
kayan,1
asyikk,1
inidikit,1
bisabisa,1
btul,1
hapuuus,1
nyalahkan,1
customerkrna,1
mutar,1
jauhorderan,1
jalanada,1
drivernyasangat,1
miriscukup,1
supirnyaa,1
wkwkwk,1
antusias,1
lanjur,1
gadak,1
diamau,1
nukar,1
spbu,1
detik,2
mrga,1
sihotang,1
hapal,1
foundermanager,1
masukloss,1
rilis,1
seliwer,1
trasfer,1
bilg,1
sumbang,1
ansul,1
logo,1
lai,1
verket,1
shopee,1
deleveri,1
oksangat,2
dungu,1
stuck,3
jakethelm,1
cuan,1
muli,1
orderin,1
sodara,1
cendrung,1
ganda,1
ngerima,1
pandai,1
bubar,1
pepe,1
payahdriver,1
pemalasorder,1
malammentng,1
tidk,1
orderansaya,1
ribujadi,1
koktegur,1
langsng,2
kli,1
apalgi,2
dihidupin,1
hidupin,1
bt,2
kurng,1
betingkh,1
nkal,1
kaleng,2
penumpangtutup,1
bagak,1
tranportasi,2
negri,1
trimkash,1
kecilmana,1
susahtolong,1
perbaikidrivernya,1
sebenernya,2
apaapaan,1
gedung,1
lguntuk,1
detikpedahal,1
sekaliini,1
respons,1
or,2
continue,1
mhd,2
ananda,2
ditindaklanjuti,1
anehgak,1
akuratmalah,1
penalty,1
cikarang,1
malespantes,1
berkembangburukkkkk,1
acc,2
berita,1
sperti,2
ngubah,1
batalkann,1
hadeeh,1
ijokah,1
ngechat,1
brifing,1
dibriefing,1
inget,1
arang,1
sjamap,1
akuratklo,1
alamatalamat,1
parahmap,1
mkn,3
afiliasi,1
sopon,1
vertikasi,1
nelpon,1
bags,1
atoh,1
mapa,1
kaspronya,4
tari,1
action,1
ramahbersih,1
ketikasudah,1
bangetsetiap,1
paymant,1
caspro,1
driverwlwpun,1
cashaplikasinya,1
larang,2
kondusif,1
penumpangini,1
aejak,1
ngikut,1
ngelag,1
dellay,1
tuna,1
tailah,1
modus,2
operandi,1
fairplay,1
seruuu,2
artis,1
atributbanyak,1
menegement,1
serempet,1
kresek,2
jotos,1
daptar,1
cobq,1
angkut,1
thx,2
haru,1
updeat,1
serlock,1
poto,1
simpel,1
cenderung,1
receh,1
tololng,1
serba,1
love,1
pelayanannyq,1
cape,1
anyeb,1
nyiksa,1
walletku,1
baguscuman,1
anehsekarang,1
lamah,1
dulusama,1
lamaperasaan,1
banyaktolong,1
sorry,4
ratenya,1
makanantapi,1
tarikgak,1
pulsa,2
gilaaaa,1
mayoritas,1
tiket,2
semat,1
bhwa,1
selaku,1
diperbaikin,3
giloo,1
scammmmmmmmmmmmmmmmmm,1
lgiaph,1
bgtuh,1
cc,2
awat,1
lingkung,1
punja,1
fyi,1
harg,1
gosend,1
negosiasi,1
safe,1
besok,4
amana,1
ancur,1
jajar,1
ginian,1
pilah,2
nolpelayanan,1
maximini,1
foodsgoods,2
parahdisaat,1
redamendung,1
manado,1
nurun,1
nurut,1
troma,1
sistemnyaagar,1
ujungujungnya,2
jelassemoga,1
sihhh,2
keder,1
sopanramah,1
keliar,1
beberapakali,2
samasekali,1
mirih,1
msuk,4
sudab,1
leave,1
deal,1
njir,1
tba,1
pertanggungjawaban,1
maenya,1
ayna,1
aya,1
ngantepkeun,1
huhujanan,1
begal,1
kembar,1
lestari,1
muaro,1
buruuukkk,1
pembyran,1
cicing,2
patek,1
cast,1
puki,1
xlipat,1
minimum,1
etos,1
pengisiian,1
polsek,1
plered,1
diq,1
nias,1
sumatera,2
tiiii,1
srius,1
eehhh,1
genepin,1
njirr,1
ujing,1
payahhhh,1
bebas,1
eiger,1
sutrisno,2
suzuki,1
carry,1
tal,1
ditelfon,1
telukjambe,1
smartfren,1
peang,1
tahek,1
dicancelll,1
paksukses,1
batang,1
tetepppp,1
ksihhh,1
masukkk,1
tapiii,1
ttep,2
tolongggg,1
ramiris,1
terif,1
bawak,2
bangettpokoknya,1
lamamaxim,1
ssh,1
pembayarab,1
musti,1
great,1
smpk,1
jop,1
maximsangat,1
membantubagi,1
maxi,1
aplikasidari,1
dapetnya,1
orderankayak,1
ngemis,1
bangetyaudah,1
ximorang,1
apacuma,1
lebi,1
mapsnyapemesanan,1
apgret,1
alkhamdulillah,1
operasi,2
cilegon,1
ngmbilnya,1
aktifitas,1
affordable,1
sajaa,1
atar,1
beritahu,1
insentif,1
bolehin,1
bulat,1
disurhh,1
hububgi,1
daifernya,1
tllu,1
bngat,1
mantengin,1
jumpa,2
gudi,1
putra,1
ngendap,1
algoritma,1
jamput,1
salesnya,2
ribuu,1
mahh,1
bngett,1
mutusin,1
bngettttt,1
wey,1
asih,1
sekaliramah,1
markotop,1
gogle,1
oiii,1
bni,1
ramahlaris,1
manis,1
rameanak,1
purapura,2
tuli,1
terusss,1
berjm,1
ntt,1
mobildan,1
tarip,1
kejar,1
jet,1
ngomel,2
padahl,1
cpt,2
mark,1
its,2
sunggu,1
bgnya,1
ramadan,1
tuntun,1
tunanetra,1
bagusmap,1
melencengpenjemputan,1
mapbenerin,1
minbiar,1
dagel,1
amiiin,1
kontrak,1
baned,1
fajar,1
begy,1
sopanpokoknya,1
ngacomungkin,1
ngeblank,1
dehmasak,1
konyol,1
down,1
bangetmasa,1
sayamana,1
aplikatorr,1
kommtll,1
oc,1
banyaktidak,1
rintis,1
insyaallah,1
buruh,1
indentitas,1
sempit,1
vouncher,1
lebihkarena,1
dpet,4
cwe,1
cowo,1
sett,1
erry,1
arsyila,1
nonton,1
youtube,1
resolusi,1
kesni,1
hatur,1
atos,2
jajap,1
sareng,1
murangkalih,1
abdi,1
kelayan,1
baicepat,1
aspal,1
pop,1
sinkronisasi,1
walletkaspro,1
dengam,1
artur,1
primaputra,1
kagiling,1
cokelat,1
pyo,1
driverx,1
abgny,1
tik,1
tok,1
libat,1
vf,1
pelayann,1
daging,1
mabuk,2
carl,1
pihal,1
hadeeeuuuhh,1
antah,1
castumer,1
diam,1
oceh,1
lamain,1
komtol,1
aplikasitiba,1
smp,2
anget,1
dagang,1
bgttt,1
sieee,1
launching,1
digunakandisengajain,1
nd,1
dompat,1
tidal,1
kristiando,1
tumanggor,1
bmrx,1
asalasalan,1
dongkalo,1
kompentatifbanget,1
bin,1
buar,1
kontooll,1
psikolog,1
orde,1
lagiterimakasih,1
modern,1
kati,1
dik,1
erorpadahal,1
burk,1
balapbalap,1
loding,2
traif,1
supirannya,1
fotoin,1
memudahkanbuat,1
dara,1
ngatur,1
ritel,1
mikirin,1
pikirin,1
udeh,2
promoin,1
sultan,1
ew,1
ramahsmoga,1
lncarkn,1
rezekinyasmngt,1
white,1
motif,1
okein,1
jebak,2
pusa,1
susahh,1
gercepdan,1
kebanyakn,1
pecah,3
progress,1
real,2
nyamansopirnya,1
nonaktif,1
konsomen,1
rahmah,1
apos,1
goblokkk,1
dokumen,1
driverorang,1
logis,1
dehh,1
divers,1
katalog,1
kain,1
aju,1
saggat,1
selak,1
membantucuman,1
adil,1
balut,1
ojolharga,1
zalim,1
ridak,1
bbm,1
tanggungjawab,1
biadab,1
sahat,1
subuh,1
fakhrul,1
munib,1
kbw,1
td,2
lindas,1
setia,1
menyamaratakan,1
nomornua,1
aktvtas,1
alhmdllh,1
nyamau,1
kalimana,1
cancelnyakesian,1
tar,1
ngantarin,1
kerumahpdhal,1
canceljangan,1
yaamtr,1
ramahdn,1
travel,1
chargenya,1
gitujangan,1
nungguiin,1
detil,1
ydh,1
cuontumer,1
vertivikasi,1
ngedumel,1
yh,1
donlod,1
siikalo,1
ngeblong,2
pakeehahaa,1
sehatt,1
yaaa,1
lho,1
gausa,1
hahaa,1
derr,1
ketoprak,1
ngilang,2
rebu,1
kabar,1
muhamad,1
soleh,1
bfrp,1
bgttitik,1
river,1
ka,2
pitur,1
licik,2
patokin,1
msa,1
pernh,3
yamna,1
nnyampe,1
blanksak,1
heh,1
ojoll,1
monyet,1
nhie,1
sussah,1
dsruh,1
mao,1
bner,2
smga,1
pales,1
orseran,1
juancok,1
tenan,1
iki,1
gagah,1
gabtirugi,1
biasadravernya,1
identitas,1
hua,1
aerox,2
cela,1
lengkapikrn,1
pesanannyadrivernya,1
inisama,1
lagikemarin,1
paing,1
suspend,3
yfntah,1
enggakkalo,1
komfirm,1
satutolong,1
nyauntuk,1
bola,2
bolakesel,1
ulasankarena,1
imbasnyauntuk,1
perhatikanjgn,1
sombongtrimakasih,1
yahh,2
orderanx,1
verikasi,1
kmna,1
kosumen,1
jelekseperti,1
over,1
all,1
mokasih,1
oom,1
lha,1
tolakdengan,1
ygsh,1
apun,1
ironi,1
point,3
krusial,1
updateapa,1
sebab,2
cross,1
checktrnyta,1
singkat,2
tempatterdapat,1
gesek,1
konvensionalnon,1
onlinemohon,1
survey,1
ababil,1
kompeni,1
ramahtop,1
masmudah,1
rejeqinya,1
kilat,1
amiinn,1
anda,1
link,1
dlam,1
gpsmap,1
usak,1
lagu,1
langit,1
dilecehin,1
tujuanya,1
kaliii,1
dy,1
mebantu,1
omega,2
cobain,1
virtual,2
adarp,1
medsos,1
agus,1
bidang,2
petadan,1
peniti,1
hadeehhhh,1
orderanjika,1
satsetsatset,1
emosiann,1
gomel,2
semuatapi,1
bgtudan,1
rentenir,1
cuyyyy,1
inipertama,1
disitupadahal,1
adatapi,1
gaadatolong,1
inieh,1
berubahdah,1
gunaiin,1
gantiganti,1
carada,1
gjls,1
client,1
nali,1
bangetttttmakasih,1
banyakanakku,1
aktifin,1
udahlah,1
dichat,2
tlah,1
lecah,1
drivernyaa,1
drevire,1
kembalidan,1
klick,1
looh,1
sopansantunya,1
cancle,1
uung,1
jidad,1
kotakkotak,1
updatejadiginibikin,1
keselsetiap,1
sayabiasa,1
syin,1
terusmaxim,1
lagibiar,1
lamasaya,1
bisayang,1
apal,1
otomatisasi,1
ngentod,1
driverongkos,1
goput,1
sukak,1
koran,1
ramai,1
bapa,1
pakesial,1
iwww,1
daong,1
tardiyanto,1
kini,1
nego,1
patuh,1
corndog,1
rekomend,1
sukatpi,1
membingungkansulit,1
oprasikan,1
andai,1
mengoprasikanya,1
grabdi,1
ingrisnya,1
darapasti,1
menggunakannyatolonk,1
cepatkurir,1
menghadapai,1
appl,1
taaii,1
tinggiin,1
fantastis,1
konttoooll,1
makanandi,1
badmood,1
woyy,1
navigasi,1
ringkas,1
mutermuter,2
mengarahkangps,1
ush,1
tungigingin,1
ninja,1
dimodif,1
hadeuuh,1
hem,1
enggan,1
katrok,1
suta,1
cengkareng,1
kuranng,1
stand,1
jelekkkk,1
matur,1
ssnget,1
mbkdriver,1
baikkkk,1
nyalip,2
kanankiri,1
truk,2
gempet,1
antara,1
luka,1
blg,1
lukaluka,1
gangguannta,1
mese,1
telst,1
cwo,1
curangmemilih,1
deliveri,1
jdx,1
nyampek,1
pemabyaran,1
driber,1
paraah,1
hendra,1
dame,1
sinaga,1
bacz,1
lokasih,2
perna,1
aplikasibaru,1
lebarr,1
caci,1
kebun,1
dipalakin,1
digmaps,1
diapk,1
pesanantar,1
adain,1
gitukah,1
restoran,1
goofood,1
nibukan,1
dini,1
ramadhan,1
bmabi,1
rekuwes,1
makaasih,1
mohamad,1
alvan,1
setiawan,1
sh,1
hyundai,1
agck,1
pengemudidriver,1
rude,1
murmer,1
diomelin,1
lampung,1
illfeel,1
seru,1
babeh,1
bw,1
mtrnya,1
kencang,1
sesuaikejadian,1
sono,1
dekettttttttt,1
buffering,1
akhlak,1
plg,1
sed,1
renaldi,1
sendiridan,1
apliaksi,1
rbaneh,1
darji,1
calyawarna,1
eql,1
lalai,1
daper,1
fooddilivery,1
alfaindomaret,1
lampungtapi,1
sekaliaplikasi,1
hebatkasian,1
tipumaxim,1
iniklo,1
lokasid,1
bisamasa,1
adatp,1
adasusah,1
connect,1
nongkrong,1
tergantuvdi,1
account,1
penjalasan,1
tata,1
costomer,1
bedamohon,1
mandang,1
kurus,1
gliran,1
gemuk,1
giniin,1
sitemnya,2
adagiliran,1
spot,1
penumpangbokbrok,1
pya,1
gojak,1
disuru,1
mala,1
kardus,1
las,1
smart,1
terespon,1
bampuk,1
samuaaaa,1
temanteman,1
ramahsopandan,1
disalahin,1
manggil,1
resiko,1
costumernya,1
padang,1
sumatra,2
goofod,1
cuekin,2
engak,1
goofud,1
air,1
istimewa,1
terhubungsehingga,1
jija,1
frik,1
berbedaharusnya,1
perbaikisaya,1
sinkron,1
emoti,1
mapsa,1
tikik,1
penjemutan,1
besokkemana,1
so,1
heeeyyyyyy,1
ketmu,1
ituputus,1
ynag,1
malak,1
kelar,1
fake,1
palsu,2
bela,1
menggapa,1
binjai,1
kale,1
gomong,1
oerbaiki,1
akirat,1
apss,1
sebelahbiar,1
ring,1
terimksih,1
gd,2
cuy,1
dibaturaja,1
nganterintolong,1
baturaja,1
kbnyakn,1
bhs,1
alus,1
fokus,1
basa,1
basi,1
pentinggg,1
vibes,1
akuuu,1
omel,1
excellent,1
driverdriver,1
denny,1
pujiharto,1
kbxo,1
penjemputanwalau,1
aktifpayah,1
mental,1
kawasan,1
batam,1
nyasaya,1
asikkk,1
moment,1
idul,1
fitri,1
